postingId,title,generatedTitle,description,postingAntiquity,url,status,postingType,totalArea,roofedSurface,bedrooms,bathrooms,halfBathrooms,antiquity,parkingSlots,priceAmount,priceCurrencyId,priceCurrency
57811612,Venta - Alquiler de Lindo Departamento en La Av del Ejercito,Departamento · 87m² · 3 Dormitorios,"El departamento cuenta con. <br><br>3 Dormitorios <br>1 sala de computo <br>2 baños <br>Cocina con muebles altos y bajos <br>2 ascensores <br>No tiene cochera <br>Zonas comunes : Parrilla, Gimnasio y Salón para eventos <br>Mantenimiento S/ 200 <br>Aceptan mascotas <br>Vigilancia <br>Conexión GNV <br>Súper conectividad para todas las zonas de Lima",Publicado hace 10 días,https://urbania.pe/inmueble/alquiler-de-departamento-en-magdalena-lima-3-dormitorios-57811612,ONLINE,PROPERTY,87,87,3,2,0,2,,2500,6,S/
13506676,Alquilo Departamento en Av Juan de Aliaga Cuadra 6 Magdalena del Mar,Departamento · 120m² · 3 Dormitorios · 1 Estacionamiento,"Alquilo Lindo Dpto. Llámame soy Dany Rodriguez c.<span class='descripcionDatosAnunciante'><button class='btn btn-link js-verDatos' href='#'>Ver datos</button></span>. <br>Este Dpto cuenta con Sala comedor amplia e iluminada con luz natural y tiene mampara de vidrio que da a una bonita vista interior hacia Magdalena Moderna. <br>Tiene baño de visita. <br>Cocina con muebles altos y bajos con campana extractora. <br>Área de Lavandería independiente y amplia. <br>Cuarto y baño de servicio. <br>Cuenta con una área de Family Room o de Escritorio, El dormitorio Principal tiene baño incorporado con ducha, closets de pared a pared , los 2 dormitorios adicionales son amplios iluminados y cuentan con Closets comparten un baño completo. <br>Tiene 1 Cochera bien ubicada. <br>Tiene ducto de basura. <br>frente a Parque y a Starucks de Av.Javier Prado oeste",Publicado hace 3 días,https://urbania.pe/inmueble/alquiler-de-departamento-en-orrantia-del-mar-magdalena-3-dormitorios-ascensor-13506676,ONLINE,PROPERTY,120,120,3,3,0,5,1,3150,6,S/
58089973,Hermoso Departamento Semi Amoblado Vista Al Mar 3 Dorm.,Departamento · 85m² · 3 Dormitorios · 1 Estacionamiento,"Lindo departamento semi amoblado en alquiler en Magdalena 85m2, 2 años de antigüedad. Cuenta con 3 dormitorios (principal c/ baño c/tina, viene con cama queen), sala comedor amplia (incluye juego de comedor y mueble para TV, sofá cama), balcón con vista parcial al mar, cocina viene con campana, cocina, horno empotrado, refrigeradora. 2 baños completos, lavandería (incluye lavaseca). Incluye 1 estacionamiento y 1 depósito muy amplio. <br>Áreas comunes: juegos para niños, área de parrillas, SUM, Gym <br>-precio S/2500 Renzo Basurco -9-3-3-6-6-2-8-0-6",Publicado hace 7 días,https://urbania.pe/inmueble/alquiler-de-departamento-en-magdalena-lima-3-dormitorios-ascensor-58089973,ONLINE,PROPERTY,85,85,3,2,0,2,1,2500,6,S/
58136155,Departamento en Alquiler · 95 m&sup2; · 3 Dorm. · 1 Estacionamiento,Departamento · 95m² · 3 Dormitorios · 1 Estacionamiento,"Departamento en alquiler en la mejor zona de Magdalena (límite con San Isidro), con excelente vista. Ubicado en la Av. Juan de Aliaga Cdra. 5, con fácil acceso a avenidas principales como la Av. Javier Prado, Av. Pershing, Av. Salaverry y Av. Del Ejército y a pocos minutos del Real Plaza Salaverry Zona exclusiva del distrito, muy tranquila, con todo tipo de locales y negocios a los alrededores. <br><br>*DISTRIBUCIÓN:* <br>Área total 95m2 <br>3 dormitorios (1 principal y 2 secundarios) <br>2 baños (1 en el dormitorio principal y de visita) <br>Sala <br>comedor <br>Cocina <br>Lavandería <br>1 balcón con hermosa vista <br>1 estacionamiento <br>*ÁREAS COMPARTIDAS:* <br>Gimnasio <br>Zona de juego para niños <br>Zona de parrila <br>Sala de reuniones - Oficina - Azotea <br>*IMPORTANTE:* <br>Ascensores <br>Mantenimiento S/. 350 (Aprox.). <br>Servicios independientes <br>Documentos en regla <br>¡COORDINEMOS UNA VISITA!",Publicado desde ayer,https://urbania.pe/inmueble/alquiler-de-departamento-en-magdalena-lima-3-dormitorios-ascensor-58136155,ONLINE,PROPERTY,95,95,3,2,0,5,1,3100,6,S/
58078514,Alquiler de Departamento en Magdalena del Mar - Lima Cricket,Departamento · 112m² · 3 Dormitorios · 2 Estacionamientos,"DEPARTAMENTO FLAT EN EXCELENTE ESTADO - FRENTE AL LIMA CRICKET <br><br>Zona residencial, de calle cerrada y cercano al cruce de Avenidas Juan de Aliaga - Del Ejército. <br><br>Cuenta con 03 dormitorios, 02 baños completos, 01 baño de visitas y 02 cocheras. <br><br>Todos los dormitorios con closets. Baño incorporado en dormitorio principal con tina de hidromasaje. <br><br>Sala-comedor, cocina con reposteros altos y bajos. Cuarto y baño de servicio. <br><br>Buenos acabados en cocina y baños. Pisos de parquet de madera en todos sus ambientes. <br><br>Edificio cuenta con seguridad 24 horas. 2 ascensores. Moderno hall de ingreso con sala de espera. <br><br>Incluye rollers y persianas. <br><br>DESOCUPADO Y LISTO PARA MUDANZA. <br><br>Facilidad de visitas.",Publicado hace 12 días,https://urbania.pe/inmueble/alquiler-de-departamento-en-magdalena-lima-3-dormitorios-58078514,ONLINE,PROPERTY,112,112,3,2,1,5,2,3300,6,S/
13369570,Alquiler Departamento 116 m&sup2; Semi Amoblado Edificio Miramar I - Magdalena,Departamento · 116m² · 2 Dormitorios · 2 Estacionamientos,"Contamos con esplendido DEPARTAMENTO EN EDIFICIO RESIDENCIAL MIRAMAR I <br>AREA DE 116.00 M2 <br>Consta de 3 dormitorios 1cuarto de servicio 3 servicios higiénico , 1 dentro del dormitorio principal, 1 dentro del cuarto de servicio y uno de visita y para compartir los dos dormitorios, cocina y lavandería, conexión de gas. la cocina está amoblada tiene refrigerador, cocina y micro ondas, también tiene lavadora secadora <br>Incluye 1 estacionamiento y 1 depósito <br>* PRECIO DE ALQUILER DEL DEPARTAMENTO ASCIENDE A US$ 1,050.00 Inc. IR (5%) | Precio incluye 01 COCHERA DOBLE | Disponibilidad INMEDIATA <br>*Teléfonos de contacto: <span class='descripcionDatosAnunciante'><button class='btn btn-link js-verDatos' href='#'>Ver datos</button></span> ENTEL /<span class='descripcionDatosAnunciante'><button class='btn btn-link js-verDatos' href='#'>Ver datos</button></span> BITEL / <span class='descripcionDatosAnunciante'><button class='btn btn-link js-verDatos' href='#'>Ver datos</button></span> (RPC) CORREOS: <span class='descripcionDatosAnunciante'><button class='btn btn-link js-verDatos' href='#'>Ver datos</button></span> /@gmail.com / <span class='descripcionDatosAnunciante'><button class='btn btn-link js-verDatos' href='#'>Ver datos</button></span>",Publicado desde ayer,https://urbania.pe/inmueble/alquiler-de-departamento-en-magdalena-lima-2-dormitorios-ascensor-13369570,ONLINE,PROPERTY,116,116,2,3,0,2,2,3486,6,S/
58116934,Se Alquila Departamento en Magdalena Muy Bien Ubicado,Departamento · 102m² · 3 Dormitorios · 1 Estacionamiento,"Área: 102 m2 <br>Inversión: S/.2,700.00 <br>Se alquila lindo departamento en Magdalena del Mar en sexto piso con balcón, cuenta con sala, comedor bien iluminado con vista a la calle , hall, tres dormitorios con closet, el principal con baño incorporado, los otros dos comparten otro baño. Tiene la cocina con reposteros altos y bajos, área de lavandería, cuarto y baño de servicio. El precio incluye cochera, mantenimiento, arbitrios y el agua hasta un consumo de S/.40.00 que ha sido el consumo promedio de los anteriores inquilinos, si excede pagaría la diferencia por dicho concepto. Tambien se alquila sin cochera en S/.2500.00 . No se permiten mascotas. Si desea agendar una visita lo puede solicitar por este medio o vía telefónica al <span class='descripcionDatosAnunciante'><button class='btn btn-link js-verDatos' href='#'>Ver datos</button></span>.",Publicado hace 18 días,https://urbania.pe/inmueble/alquiler-de-departamento-en-magdalena-lima-3-dormitorios-ascensor-58116934,ONLINE,PROPERTY,102,102,3,3,0,5,1,2700,6,S/
57843366,Alquilo Hermoso Departamento con Vista Al Mar,Departamento · 145m² · 3 Dormitorios · 1 Estacionamiento,"CONTACTAME : 9*5*9*3*6*4*9*3*6 <br>SE AQUILA AMPLIO DEPARTAMENTO FRENTE AL MAR TOTALMENTE AMOBLADO. <br>CUENTA CON TRES AMPLIAS HABITACIONES. <br>DOS BAÑOS COMPLETOS <br>MEDIO BAÑO DE VISITA <br>UNA COCHERA <br>COCINA AMOBLADA CON MUEBLES ALTOS Y BAJOS <br>VIENE CON COCINA EMPOTRADA CON CAMPANA EXTRACTORA, HORNO. <br>CONTRATO UN AÑO . <br>INCLUIDO MANTENIMIENTO <br>DOS MESES DE GARANTIA Y UNO ADELANTADO.",Publicado hace 8 días,https://urbania.pe/inmueble/alquiler-de-departamento-en-magdalena-lima-3-dormitorios-57843366,ONLINE,PROPERTY,145,145,3,3,0,3,1,4316,6,S/
13497656,Alquiler Departamento Magdalena C/s Muebles,Departamento · 99m² · 3 Dormitorios · 1 Estacionamiento,"Se Alquila Departamento <br>Área Social: Sala comedor <br>Área Intima: 3 dormitorios, 2 baños (Dormitorio Principal con baño incorporado). <br>Área de Servicio: Cocina con espacio para comedor de diario, lavandería, cuarto y baño de servicio. <br>1 cochera techada <br>Precio: US$ 900.00 sin muebles <br>Precio: US$ 1,000.00 con muebles <br>A 1/2 cuadra de Lima Cricket",Publicado hace 22 días,https://urbania.pe/inmueble/alquiler-de-departamento-en-pershing-magdalena-3-dormitorios-ascensor-13497656,ONLINE,PROPERTY,99,99,3,3,1,3,1,2988,6,S/
58238277,Alquilo Lindo Departamento Cerca a Plaza San Miguel y La Av Brasil,Departamento · 70m² · 2 Dormitorios · 1 Estacionamiento,"Lindo departamento muy bien ubicado, en Jr. Amazonas 339, a solo 3 cuadras de la Av. Brasil y 5 minutos de Plaza San Miguel. (Alt. Cdra. 5 de la Av. la Marina). <br>La buena distribución permite que el departamento esté bien iluminado. <br>2 Dormitorios. <br>2 Baños completos <br>Incluye 1 COCHERA grande. <br><br>Sala, comedor, cocina, terraza y Lavandería <br>Los dormitorios cuentan con closets de pared a pared. El dorm. Principal tiene baño incorporado y el dorm. Secundario mueble con closet, escritorio y cama empotrada. <br>El departamento incluye terma, campana extractora, luminarias, cortinas y cajonería. <br>El edificio tiene una sala de reuniones y vigilancia permanente 24/7. <br>El costo del mantenimiento es de S/.170 aprox. mensual, incluye el agua.",Publicado hace 4 días,https://urbania.pe/inmueble/alquiler-de-departamento-en-medalla-milagrosa-magdalena-2-dormitorios-ascensor-58238277,ONLINE,PROPERTY,70,70,2,2,0,4,1,1850,6,S/
58115272,Se Alquila Departamento con Vista Al Mar en Magdalena,Departamento · 86m² · 2 Dormitorios,"DEPARTAMENTO CON VISTA A PARQUE Y AL MAR <br>Ubicado en segundo piso con ascensor directo al departamento. Sin Amoblar. <br>El área del departamento es de 86.4m2 <br>Dormitorio principal con closet y baño integrado. <br>Dormitorio Secundario, Baño Completo <br>Kitchenet con cocina empotrada a gas, y horno tipo Americana. <br>Lavandería con therma a gas. <br>El departamento cuenta con conexión a gas calidda. <br>Guardiania de Lunes a Sábado de 8 a 8 <br>No cuenta con cochera. <br><br>PRECIO EN SOLES",Publicado hace 2 días,https://urbania.pe/inmueble/alquiler-de-departamento-en-magdalena-lima-2-dormitorios-ascensor-58115272,ONLINE,PROPERTY,86,86,2,2,0,4,,2800,6,S/
58099190,Dpto. Full Amoblado con Los Servicios Incluidos $.800 y Sin Servicios $. 650,Departamento · 60m² · 1 Dormitorio · 1 Estacionamiento,"Hermoso Dpto. en ALQUILER, con cochera $. 650 DOLARES, en piso 14 . Con vista a la ciudad. Área C. 60 m2 consta de sala – comedor amoblado, cocina con tablero de granitos estilo americano y con muebles altos y bajos, campana extractora, terma,cocina, refrigeradora, lavadora y todos los utensilios de la cocina, 1 dormitorio amplio con walk in closet, el dormitorio incluido baño, 1 baño visita. Todo el Dpto. cuenta con iluminarias decorativas y cortinas en todas las ventanas, Área Común, terraza y BBQ. Ubicación AV. Brasil Cdra. 30 a una cuadra y media de la Av. Javier Prado. <br>Precio de alquiler con todo servicio $. 800 ( incluye mantenimiento, agua, arbitrios, luz e internet. <br>Precio de alquiler $. 650 dolares sin servicios. <br>Precio de alquiler sin cochera y sin servicios $. 600. <br>Condiciones 2 meses de garantía y un mes por adelantado y contrato por año. Tfl: <span class='descripcionDatosAnunciante'><button class='btn btn-link js-verDatos' href='#'>Ver datos</button></span> / <span class='descripcionDatosAnunciante'><button class='btn btn-link js-verDatos' href='#'>Ver datos</button></span>",Publicado hace 22 días,https://urbania.pe/inmueble/alquiler-de-departamento-en-magdalena-lima-1-dormitorio-ascensor-58099190,ONLINE,PROPERTY,60,60,1,2,0,5,1,2100,6,S/
13475035,Alquiler de Departamento en Magdalena del Mar,Departamento · 110m² · 4 Dormitorios · 1 Estacionamiento,"Departamento con balcón Frente al Mar.../// ubicado en pleno Malecón Grau cerca a la Av. Ejercito, a 2 cuadras del Instituto Gastronómico D'gallia , a 1 cuadra del la Av. Brasil, el inmueble que necesitas para disfrutar con tu familia.....<br>Departamento Amoblado y equipado ubicado en el piso 7 en una zona muy tranquila../// , con Vista al Mar, alrededor canchita de fútbol, parques y juegos para niños, ideal para tu familia, el edificio cuenta con piscina, zona de parrilla , sala de eventos..NO te pierdas esta oportunidad de visitarlo..<br><br>** Sala Comedor con balcón con vista al Mar<br>** Cocina con muebles altos y bajos<br>** Lavandería<br>** Cuarto y baño de servicio<br>** Dormitorio Principal con balcón, Walking Closet Y baño incorporado<br>** 2 Dormitorios secundarios con balcón vista al Mar, closet incorporado<br>** Baño completo con vidrio templado<br><br> 1 Cochera en sótano<br>Precio de mantenimiento S/480 Soles<br>Condiciones del alquiler 2 meses de garantía y 1 mes de adelanto<br>Contrato Mínimo 1 año<br>Visitas fáciles<br><br>Contacto <span class='descripcionDatosAnunciante'><button class='btn btn-link js-verDatos' href='#'>Ver datos</button></span> // <span class='descripcionDatosAnunciante'><button class='btn btn-link js-verDatos' href='#'>Ver datos</button></span><br>ALTURA DE LA CUADRA 2 DEL EJERCITO",Publicado hace 12 días,https://urbania.pe/inmueble/alquiler-de-departamento-en-magdalena-lima-4-dormitorios-ascensor-13475035,ONLINE,PROPERTY,110,110,4,3,,4,1,3500,6,S/
58050251,"Alquiler Duplex en Magdalena, Límite San Isidro",Departamento · 135m² · 2 Dormitorios · 2 Estacionamientos,DUPLEX EQUIPADO 135 M2 + 02 COCHERAS + 01 DEPÓSITO <br><br>** CONEXIÓN A GAS NATURAL ** <br><br>ÁREAS COMUNES: <br>ZONA DE PARRILLA <br>SALA DE USOS MÚLTIPLES,Publicado hace 29 días,https://urbania.pe/inmueble/alquiler-de-departamento-en-magdalena-lima-2-dormitorios-ascensor-58050251,ONLINE,PROPERTY,135,135,2,3,1,5,2,4290,6,S/
58016745,Alquilo Depa en Magdalena 2do Piso.3 Dorm 2 Baños. Vivienda/oficinaxj. Prado Oest,Departamento · 80m² · 3 Dormitorios,"Hermoso y acogedor departamento PUEDE SER VIVIENDA U OFICINA A PUERTA CERRADA esta en 2do piso de 80 m2 de 3 dormitorios sin closets dos dormitorios chicos funcionales y uno grande con baño privado, 2 baños, entrada independiente zona residencial. UBICADO A LA ALTURA DEL CRUCE DE LA AV JAVIER PRADO CON LA AV MANUEL GONZALES PRADA ZONA 100% SEGURA. Mas información solo por llamada al <span class='descripcionDatosAnunciante'><button class='btn btn-link js-verDatos' href='#'>Ver datos</button></span>",Publicado hace 8 días,https://urbania.pe/inmueble/alquiler-de-departamento-en-magdalena-lima-3-dormitorios-58016745,ONLINE,PROPERTY,80,80,3,2,0,5,,1900,6,S/
13331588,Alquiler de Departamento en Magdalena del Mar,Departamento · 80m² · 2 Dormitorios,Alquilo céntrico departamento AMOBLADO en Jr. Amazonas a un paso de todo. <br>Consta de: <br>2 dormitorios <br>1 estudio <br>2 baños <br>Sala <br>Comedor <br>Cocina equipada <br>Gas natural <br>Condiciones de alquiler 2x1 <br>Interesados llamar al <span class='descripcionDatosAnunciante'><button class='btn btn-link js-verDatos' href='#'>Ver datos</button></span>,Publicado hace 2 días,https://urbania.pe/inmueble/alquiler-de-departamento-en-magdalena-lima-2-dormitorios-ascensor-13331588,ONLINE,PROPERTY,80,80,2,2,0,5,,2000,6,S/
58039632,Alquilo Departamento Semi Amoblado Muy Bien Ubicado en La Av Brasil.,Departamento · 113m² · 3 Dormitorios · 1 Estacionamiento,"EDIFICIO DE 4 AÑOS DE ANTIGUEDAD. <br><br>ALQUILO DEPARTAMENTO QUE CONSTA DE: <br><br>SALA CON MUEBLE PARA TV. <br><br>COMEDOR. <br><br>COCINA EQUIPADA CON REFRIGERADORA, COCINA Y CAMPANA EXTRACTORA. <br><br>ZONA DE LAVANDERIA EQUIPADA CON LAVADORA. <br><br>BAÑO DE VISITAS. <br><br>3 HABITACIONES: <br><br>LA HABITACION PRINCIPAL MUY AMPLIA Y ILUMINADA CON BAÑO INCORPORADO,BALCON Y VISTA AL MAR <br><br>UNA DE LAS HABITACIONES SECUNDARIAS CUENTA CON WALKING CLOSET. <br><br>LAS DOS HABITACIONES SECUNDARIAS COMPARTEN UN BAÑO COMPLETO. <br><br>UNA COCHERA <br><br>CUENTA CON AREA SOCIAL EN EL UTLTIMO PISO DONDE TIENES UNA VISTA INCREIBLE VISTA DEL MAR SE <br>ENCUENTRA LA ZONA DE PARRILLAS <br><br>PISO 16 CUENTA CON OTRA AREA SOCIAL DODNE TIENES SALA DE TV Y BALCON",Publicado hace 30 días,https://urbania.pe/inmueble/alquiler-de-departamento-en-magdalena-lima-3-dormitorios-58039632,ONLINE,PROPERTY,113,113,3,2,1,4,1,3015,6,S/
58220691,"Alquilo Lindo Departamento en Magdalena del Mar, a Media Cuadra del Malecón",Departamento · 50m² · 1 Dormitorio,"LINDO DEPARTAMENTO EN 3er PISO <br>01 DORMITORIO, KITCHENETTE, SALA, BAÑO PRINCIPAL Y DE VISITAS, TODAS LAS COMODIDADES. <br>EDIFICACIÓN MODERNA DE TRES PISOS, UN DEPARTAMENTO POR PISO <br>CERCA A MERCADO, IGLESIA, AV. BRASIL <br>EXCLUSIVAMENTE PARA PERSONA SOLA O PAREJA SIN HIJOS. NO MASCOTAS. <br>S/. 1,300.- (02 DE GARANTÍA x 01 DE ADELANTO) <br>ABSTENERSE CORREDORES <br>SRA. VILLAR # 9 9 9 9 4 3 7 0 0",Publicado hace 7 días,https://urbania.pe/inmueble/alquiler-de-departamento-en-magdalena-del-mar-magdalena-1-dormitorio-58220691,ONLINE,PROPERTY,50,50,1,1,1,5,,1300,6,S/
13472863,Alquiler de Departamento en Magdalena del Mar,Departamento · 85m² · 3 Dormitorios · 1 Estacionamiento,"Excelente oportunidad , departamento con linda vista al Mar, ubicación estratégica en Av del Ejercito, a un paso del Malecón Grau , acceso inmediata a la costa verde playas, limite con San Isidro , CC Salaverry se encuentra a unos minutos .. Departamento ubicado en elegante edificio con seguridad 24x7 , se alquila totalmente amoblado, cuenta con 3 dormitorios , principal con baño , sala comedor con vista al Mar, Balcon vista exterior, cocina con reposteros altos y bajos.<br><br>El edificio cuenta con zonas de parrlla , juegos para niños y gimnasio.<br>precio incluye la cochera.",Publicado hace 56 días,https://urbania.pe/inmueble/alquiler-de-departamento-en-magdalena-lima-3-dormitorios-ascensor-13472863,ONLINE,PROPERTY,85,85,3,2,,3,1,2822,6,S/
58110668,"Magdalena 2 Dorm, Mas Estudio S/1500 Cerca Sucre Vista Calle",Departamento · 100m² · 2 Dormitorios,"magdalena departamento bien ubicado cerca av. sucre la marina cuenta con 100 mtrs. con vista a la calle cuenta con 2 dorm, mas estudio u otro cuarto mas, vista ala calle cuenta tambien con sala comedor, grande cocina tipo kitchenet, baño completo lavandería tendal precio s/1500 garantias 1x1 incluye servicios ( se ve todos los dias previa citas contacto anna ninochika 9 8 9 6 7 4 0 3 9 )",Publicado hace 19 días,https://urbania.pe/inmueble/alquiler-de-departamento-en-magdalena-lima-2-dormitorios-58110668,ONLINE,PROPERTY,100,100,2,1,0,1,,1500,6,S/
13328259,Alquiler de Departamento en Magdalena del Mar,Departamento · 42m² · 1 Dormitorio,"SE ALQUILA DEPARTAMENTO VISTA A LA CALLE<br>DE UN SOLO DORMITORIO<br>KICHINETTE<br>UN BAÑO<br>SALA COMEDOR<br>TIENE ASCENSOR<br> AREAS COMUNES: SUM AMPLIO, AREA DE PARRILLAS",Publicado hace 27 días,https://urbania.pe/inmueble/alquiler-de-departamento-en-orbea-magdalena-1-dormitorio-13328259,ONLINE,PROPERTY,42,42,1,1,,2,,1500,6,S/
13431962,Alquiler de Departamento en Magdalena del Mar,Departamento · 110m² · 3 Dormitorios · 1 Estacionamiento,"AV. BERTOLOTTO - MAGDALENA, LIMA - PERU<br>ALQUILO DEPARTAMENTO  DE 3 DORMITORIOS; en zona céntrica de Magdalena cerca a Parques , ÁREAS EN COMÚN AL MALECÓN, con fácil acceso al circuito de playa, a minutos de centro comerciales como Plaza San Miguel, restaurantes y colegios cercanos. Ubicado en Condominio Exclusivo con áreas en común (Sala de usos múltiples, Gimnasio equipado, Lavandería en Común, zona de juegos para niño, Piscina con zona para parrillas más Terraza Lounge y áreas verdes de esparcimiento para la Familia). El Departamento de 3 Dormitorios con closet y cajonerías incluidas cuenta con una funcional Sala – Comedor integrada a la COCINA.(totalmente equipada) Dormitorio principal con Amplio Closet y baño propio (Cocina con MUEBLES BAJOS Y ALTOS MAS CAJONERÍAS, CAMPANA EXTRACTORA, ENCIMERA Y HORNO EMPOTRADO<br>Llamar a tu agente PERU HOME Bienes Raíces al 9 6 1 8 9 7 4 1 3",Publicado hoy,https://urbania.pe/inmueble/alquiler-de-departamento-en-magdalena-lima-3-dormitorios-ascensor-13431962,ONLINE,PROPERTY,110,110,3,3,,5,1,2822,6,S/
58273080,Alquilo Lindo Departamento en Magdalena,Departamento · 76m² · 3 Dormitorios · 1 Estacionamiento,"Departamento en 4to piso cuenta con 76.2m2, sala comedor, 3 dormitorios, 2 baños, cocina con area de lavado <br>Se incluye 1 cochera y deposito ambos en sotano <br>El departamento se alquila con terma, campana extractora y estores en ventanas <br>Edificio cuenta con vigilancia permanente las 24hrs, camaras de video, area social en ultimo nivel, 2 ascensores, elevador para vehiculos, elevador para discapacitados, sistemas contra incendios, detectores de humo y alarma dentro de cada departamento <br>Departamento perfectamente ubicado: cerca a parque Tupac Amaru, cerca a colegios, mercado principal de Magdalena, acceso a vias principales como la Av del Ejercito, Av Brasil y Av Sucre, central de Serenazgo de Magdalena a 3 cdras <br><br>Interesados llamar al <span class='descripcionDatosAnunciante'><button class='btn btn-link js-verDatos' href='#'>Ver datos</button></span> o <span class='descripcionDatosAnunciante'><button class='btn btn-link js-verDatos' href='#'>Ver datos</button></span>",Publicado hoy,https://urbania.pe/inmueble/alquiler-de-departamento-en-magdalena-lima-3-dormitorios-ascensor-58273080,ONLINE,PROPERTY,76,76,3,2,0,4,1,2100,6,S/
13331577,Alquiler de Departamento en Magdalena del Mar,Departamento · 80m² · 2 Dormitorios,Alquilo céntrico departamento <br><br>SEMI AMOBLADO en Jr. Amazonas a un paso de todo. <br>Consta de: <br>2 dormitorios <br>1 estudio <br>2 baños <br>Sala <br>Comedor <br>Cocina equipada <br>Gas natural <br>Condiciones de alquiler 2x1 <br>Interesados comunicarse al <span class='descripcionDatosAnunciante'><button class='btn btn-link js-verDatos' href='#'>Ver datos</button></span>,Publicado hace 2 días,https://urbania.pe/inmueble/alquiler-de-departamento-en-magdalena-lima-2-dormitorios-13331577,ONLINE,PROPERTY,80,80,2,2,0,5,,2000,6,S/
13503683,Alquiler de Departamento en Magdalena del Mar,Departamento · 59m² · 2 Dormitorios,"Cód: MA50. Lindo departamento amoblado de 2 dormitorios de 59 m2. Moderno y muy bien iluminado. Completamente amoblado y equipado. Cuenta con conexión a la red de gas natural Calidda. Idealmente ubicado, a meda cuadra del malecón Grau en Magdalena del Mar, a unos 5 minutos del centro comercial ""Salaverry Real Plaza"", de San Isidro y a 10 minutos de Miraflores. Zona tranquila y agradable. <br><br>Piso laminado en todo el departamento. <br><br>- Dos dormitorios, dormitorio principal con baño completo incorporado (ducha), segundo dormitorio con futón y escritorio, <br>- Una sala - comedor con balcón, <br>- Una cocina equipada. <br>- Una área de lavandería con lavadora y secadora. <br><br>Vista panorámica al océano y a la cuidad. <br><br>Áreas comunes: Jardín con juegos para niños + sala de reunión. <br><br>Cuota de mantenimiento del edificio: aprox. 170.00 Soles mensuales. <br>Edificio muy seguro, con servicio de portería las 24 horas del día. <br><br>NO CUENTA CON ESTACIONAMIENTO. <br>EL MONTO DE LA RENTA SE PAGARÁ EN SOLES. <br>NO SE ACEPTAN MASCOTAS EN EL EDIFICIO.",Publicado hace 56 días,https://urbania.pe/inmueble/alquiler-de-departamento-en-magdalena-lima-2-dormitorios-13503683,ONLINE,PROPERTY,59,59,2,2,0,4,,2099,6,S/
58177401,Hermoso Departamento,Departamento · 80m² · 2 Dormitorios,Alquilo céntrico departamento SEMI AMOBLADO en Jr. Amazonas a un paso de todo. <br>Consta de: <br>2 dormitorios <br>1 estudio que puede ser un dormitorio más <br>2 baños <br>Sala <br>Comedor <br>Cocina equipada <br>Gas natural <br>Condiciones de alquiler 2x1 <br>Interesados comunicarse al <span class='descripcionDatosAnunciante'><button class='btn btn-link js-verDatos' href='#'>Ver datos</button></span>,Publicado hace 2 días,https://urbania.pe/inmueble/alquiler-de-departamento-en-magdalena-lima-2-dormitorios-58177401,ONLINE,PROPERTY,80,80,2,2,0,5,,2000,6,S/
58171398,Alquilo Departamento en Magdalena,Departamento · 50m² · 1 Dormitorio,"Lindo departamento, muy bien conservado, casi nuevo. Excelente ubicación cerca al cruce de las avenidas Brasil y Javier Prado, en una zona residencial pero cerca a áreas comerciales como supermercados, fastfood, bancos, notarías, chifas y otros. El departamento tiene una sala-comedor amplio, una cocina americana con muebles bajos y altos completos, dos baños completos: uno de visita y otro dentro del dormitorio. 1 Dormitorio principal para pareja con varios closets. Los servicios comunes incluyen vigilancia las 24 horas, sala de usos múltiples, 2 ascensores, y la azotea es una zona de parrillas con jardines y mirador hacia el mar. El departamento no está amoblado, no incluye cochera y no se aceptan mascotas. Para cerrar contrato se solicitan 2 meses de garantía más 1 mes de adelanto. <br>Antes de llamar por favor verificar que toda la información está en el aviso. Los interesados favor de contactarse por teléfono al <span class='descripcionDatosAnunciante'><button class='btn btn-link js-verDatos' href='#'>Ver datos</button></span> para programar visita al departamento.",Publicado hace 6 días,https://urbania.pe/inmueble/alquiler-de-departamento-en-magdalena-lima-1-dormitorio-ascensor-58171398,ONLINE,PROPERTY,50,50,1,2,0,5,,1600,6,S/
11998297,Alquilo Funcional E Iluminado Departamento en Magdalena del Mar,Departamento · 82m² · 3 Dormitorios · 1 Estacionamiento,"Alquilo lindo y funcional departamento en Magdalena. Totalmente amoblado y equipado. Ideal para extranjeros. <br>UBICACION: Tomas Ramsey 915 - Piso 7 - Magdalena, muy cerca da la Av. Javier Prado, Juan de Aliaga y principales avenidas. Cerca de la UPC, Univ. Pacifico y Centro Comercial de la Av. Salaverry. <br>AREA: 82M2 <br>ANTIGUEDAD: 3 años <br>ALQUILER: US$ 850.00 MANTENIMIENTO S/. 260.00 <br>DESCRIPCION: Sala, comedor, 3 dormitorios. Dormitorio principal con walk in closet y baño incorporado. Los otros 2 dormitorios comparten 1 baño. Cocina con muebles reposteros altos y bajos y tablero de granito, totalmente equipada. Lavandería con lavadora y secadora. Gas directo de Calidda. 1 Cochera. Club house con piscina, cochera para visitas, salón con mesa de billar, y gimnasio. Vigilancia permanente las 24 horas del día los 7 días de la semana. NO MASCOTAS. <br>CONTACTAR A: Maruja Prieto <span class='descripcionDatosAnunciante'><button class='btn btn-link js-verDatos' href='#'>Ver datos</button></span> <br>Cerca de Juan de Aliaga",Publicado hace 56 días,https://urbania.pe/inmueble/alquiler-de-departamento-en-magdalena-lima-3-dormitorios-ascensor-11998297,ONLINE,PROPERTY,82,82,3,2,0,4,1,2822,6,S/
13227379,Alquiler de Departamento en Magdalena del Mar,Departamento · 70m² · 2 Dormitorios,"Se alquila departamento totalmente amoblado para persona sola, pareja o familia. Consta de sala, comedor, cocina, lavandería aparte, dormitorio principal amplio con baño, dormitorio, baño completo de visita y balcón con vista al mar. Además, el edificio cuenta con una pequeña área de juegos para niños y un mini gimnasio en el primer piso, y área de parrillas y Sky Lounge en el piso 18. Se encuentra en una zona estratégica en el distrito de Magdalena, en la misma avenida Del Ejército, muy cerca al cruce con la Av. Brasil y a la bajada de Sucre, por lo que movilizarse por toda la ciudad resulta muy accesible. También se puede llegar caminando al mercado y a la plaza del distrito. A los alrededores hay varias bodegas y grifos, y el malecón Grau se encuentra a la espalda. <br>En cuanto a equipamiento, cuenta con sala funcional con TV de 32', comedor extendible con 6 sillas, cocina a gas natural, terma a gas natural, refrigeradora, microondas, electrodomésticos básicos, tablero de granito y muebles altos y bajos en la cocina, cama de plaza y media con escritorio y ropero en la primera habitación, cama de 2 plazas, roperos y Smart TV de 40' en la habitación principal. Se puede colocar lavadora a solicitud. Cuenta con internet de mucha velocidad, cable de Claro y gas natural de Calidda. <br>El contrato es 1x1, un mes de garantía y se paga por adelantado. El mantenimiento y el consumo de agua están incluidos en el precio de alquiler. <br>Cualquier consulta no duden en ponerse en contacto. <br>También se hacen contratos con empresa. <br>Precio incluyendo mantenimiento y agua $700, incluyendo todos los servicios $780.",Publicado hace 21 días,https://urbania.pe/inmueble/alquiler-de-departamento-en-orbea-magdalena-2-dormitorios-ascensor-13227379,ONLINE,PROPERTY,70,70,2,2,0,3,,2350,6,S/
58223757,"Magdalena 2 Dorm. 1,500 Soles",Departamento · 100m² · 2 Dormitorios,"MAGDALENA, LINDO DEPARTAMENTO FAMILIAR 1,500 SOLES <br>CUENTA CON 2 DORMITORIOS, 1 BAÑO, SALA, COMEDOR, KITCHENER, VISTA A LA CALLE, CUARTO DE SERVICIO, REPOSTEROS ALTOS Y BAJOS <br>GARANTIA 1X1 <br>INFORMES AL WHATSSAP 9,2,4,4,3,8,3,7,6 ALEJANDRA CHING",Publicado hace 7 días,https://urbania.pe/inmueble/alquiler-de-departamento-en-magdalena-lima-2-dormitorios-58223757,ONLINE,PROPERTY,100,100,2,1,0,1,,1500,6,S/
13510623,Alquiler de Departamento en Magdalena del Mar,Departamento · 75m² · 3 Dormitorios · 1 Estacionamiento,"ALQUILER DE DPTO casi nuevo, entregado en el año 2019: DEPARTAMENTO DE 3 HABITACIONES 2 BAÑOS 75M2 CON 1 ESTACIONAMIENTO – EDIFICIO OCEAN LINE MAGDALENA DEL MAR <br>Departamento casi nuevo con lindos acabados, en el piso 18 del EDIFICIO OCEAN LINE de la Av. Brasil 4052, a un paso de la Av. El Ejército, Sucre con lobby de ingreso, conserje y sistema de cámaras de seguridad las 24 horas, cuenta con sala de usos múltiple, zona de parrilla, un gimnasio muy bien equipado y terraza con espectacular vista al mar. <br>Hall de ingreso con 2 ascensores de última generación <br>Sólo 3 departamentos en el piso 18 <br>Amplia Sala y Comedor con gran vista panorámica <br>Cocina abierta tipo americana con barra y encimera de granito, muebles reposteros altos y bajos. <br>Cocina a gas encimera con 4 hornillas y campana extractora <br>Lavandería implementada para conexión de lavadora y secadora, lavadero y muy bien ventilada. <br>3 Habitaciones: Dormitorio principal con vista panorámica hacia la ciudad, con amplio closet y baño incorporado. Segundo dormitorio con closet. Tercera habitación como dormitorio o estudio incluye closet. <br>2ndo Baño completo con ducha, con modernos acabados y encimera de mármol. <br>Todos los pisos en laminado de 8mm y porcelanato en cocina. <br>Se alquila con terma eléctrica, luminarias y rollers en ventanas. <br>Estacionamiento N° 01 ubicado en el 1er piso <br>Condiciones: A la firma del Contrato 2 meses de Garantía y 1 mes de Adelanto. <br>No se permiten mascotas",Publicado hace 56 días,https://urbania.pe/inmueble/alquiler-de-departamento-en-magdalena-lima-3-dormitorios-ascensor-13510623,ONLINE,PROPERTY,75,75,3,2,0,1,1,2500,6,S/
13331582,Alquiler de Departamento en Magdalena del Mar,Departamento · 80m² · 2 Dormitorios,"Alquilo céntrico departamento SEMI AMOBLADO en Jr. Amazonas a un paso de todo. Consta de: 2 dormitorios 1 estudio que puede ser ocupado como otro dormitorio, Sala Comedor Cocina equipada Gas natural Condiciones de alquiler 2x1 consultas al <span class='descripcionDatosAnunciante'><button class='btn btn-link js-verDatos' href='#'>Ver datos</button></span>",Publicado hace 2 días,https://urbania.pe/inmueble/alquiler-de-departamento-en-magdalena-lima-2-dormitorios-ascensor-13331582,ONLINE,PROPERTY,80,80,2,2,0,5,,2000,6,S/
57924104,Se Alquila Amplio y Bonito Departamento en Magdalena,Departamento · 122m² · 3 Dormitorios · 1 Estacionamiento,"Lindo departamento en Alquiler en un edificio de 8 pisos, Amplio e iluminado en 1° piso, 3 Dormitorios el principal con baño y closet incluido, 2° baño completo de visita y para compartir los otros 2 dormitorios con cajonería aérea, 2 terrazas amplias una con deposito, Sala Comedor, Cocina con muebles altos y bajos, área de lavandería independiente, therma, vista interna, con ascensor, camaras de seguridad en el edificio,1 estacionamiento, estacionamiento para visitas, rampa para discapacitados. <br><br>Ubicado cerca a todo como las Avenidas principales Av. Brasil, Av. Javier Prado Oeste, Av. La Marina, Av. El Ejercito, lugares de comida rapida, Pizza Hut, KFC, Pardos Chicken, etc, farmacias, Clinicas, Centros Centros Comerciales Candy, Metro Pershing, a 5 minutos el Open Plaza Salaverry, Plza San Miguel, Parques. <br><br>Forma de Pago es: <br>2 Meses de garantía y 1 mes de adelanto <br>El mantenimiento es e S/.190.00 aprox. incluye agua <br><br>¡¡HAGAMOS NEGOCIO!! <br><br>CONTACTO: ROSARIO CANDUELAS // CEL: <span class='descripcionDatosAnunciante'><button class='btn btn-link js-verDatos' href='#'>Ver datos</button></span> <br>ID <span class='descripcionDatosAnunciante'><button class='btn btn-link js-verDatos' href='#'>Ver datos</button></span>",Publicado hace 38 días,https://urbania.pe/inmueble/alquiler-de-departamento-en-magdalena-lima-3-dormitorios-ascensor-57924104,ONLINE,PROPERTY,122,122,3,2,0,5,1,2600,6,S/
13298253,Alquiler de Departamento en Magdalena del Mar,Departamento · 70m² · 3 Dormitorios · 1 Estacionamiento,"Departamento en 6to. Piso, en zona céntrica, de fácil salida hacia cualquier punto de Lima y Callao, en zona residencial, excelente distribución, buena iluminación y ventilación natural, buen estado de conservación, cuenta con ducha eléctrica en 2 baños, una cochera amplia, áreas comunes y estacionamiento para visitas. Área de piscina y parrilla en el piso 11. <br>Distribución: <br>- Sala, Comedor con pisos laminados. Puerta principal con cantol y ojo mágico. <br>- 3 Dormitorios: Principal con closet de pared a pared, con cajones y baño incorporado con buenos acabados. <br>- Los dormitorios secundarios con closet con cajones, pisos laminados y ventanas para disminuir el ruido, comparten un baño completo con visita. <br>- La cocina con reposteros bajos y altos. <br>- Lavandería con tendal. <br>- Baño de servicio con ventilación natural. <br>- Cochera externa por Jr. Cuzco. <br>El agua se paga por contometro, recibo independiente de electricidad, instalaciones para cable e Internet. <br>El mantenimiento es de S/ 160.00 mensual incluye el pago del mantenimiento de áreas comunes, ascensores, bombas y tanques de agua, pago de conserjes (seguridad) y administración del edificio. <br>El edificio cuenta con servicio de administración, conserje las 24 horas, servicio de recepción de correspondencia, sala de visitas, 2 ascensores, equipos contra incendios, detectores de humo dentro y fuera de los departamentos, en el último piso se cuenta con Sala de usos múltiples para recepciones, parrillas, piscina y baños para damas y caballeros con ducha. Con estacionamientos para visitas y tiendas en el primer piso. <br>Muy cerca del Mercado de Magdalena, súper mercados, todo tipo de negocios locales, restaurantes para todos los gustos, así como el boulevard de Magdalena, agencias de bancos y farmacias. <br>Rodeada por las Avenidas: Sucre, Leoncio Prado, Brasil y La Marina. <br>Condición un mes de adelanto y dos meses de garantía <br>Abstenerse corredores, trato directo con propietario <br>Altura Cdra. 10 de Sucre (a 1 cdra. Comisaria de Magdalena)",Publicado hace 15 días,https://urbania.pe/inmueble/alquiler-de-departamento-en-magdalena-lima-3-dormitorios-ascensor-13298253,ONLINE,PROPERTY,70,70,3,2,1,3,1,2000,6,S/
58239514,Se Alquila Departamento en Magdalena del Mar,Departamento · 83m² · 3 Dormitorios · 1 Estacionamiento,"Casi de estreno, en la cuadra 2 de la Av. Del ejército en Magdalena Del Mar, en un piso 14. Tiene 82.30 m2. tres habitaciones, dos baños, sala, comedorcocina, lavandería, viene con terma a gas, horno y cocina empotrada a gas, sistema de Càlidda y cochera dentro del edificio. El edificio tiene sala de uso múltiple (SUM) con zona de Parrilla, baño, y gimnasio también con baño en el piso 18. (Alquiler sin cochera 2,400.00 Soles)",Publicado hace 4 días,https://urbania.pe/inmueble/alquiler-de-departamento-en-magdalena-del-mar-magdalena-3-dormitorios-ascensor-58239514,ONLINE,PROPERTY,83,83,3,2,0,2,1,2600,6,S/
57821926,Alquilo Lindo Dpto 2 Dorm Amoblado en El Limite de La Aurora y Barrio Medico Us$700!,Departamento · 90m² · 2 Dormitorios · 1 Estacionamiento,"ALQUILO MODERNO Y LINDO DPTO DE 90 METROS DE 5 AÑOS DE ANTIGUEDAD EN CALLE VICTOR MAURTUA LIMITE DE LA URB AURORA CON BARRIO MEDICO <br>DPTO TOTALMENTE AMOBLADO Y EQUIPADO QUE CUENTA CON SALA COMEDOR COCINA AMERICANA TIPO ABIERTA LAVANDERIA, 2 DORMITORIOS CON CLOSETS , DOS BAÑOS COMPLETOS 1 INCORPORADO AL DORMITORIO PRINCIPAL Y COCHERA <br>BONITA DECORACION CITAS AL <span class='descripcionDatosAnunciante'><button class='btn btn-link js-verDatos' href='#'>Ver datos</button></span>! <br>NO MASCOTAS",Publicado hace 26 días,https://urbania.pe/inmueble/alquiler-de-departamento-en-magdalena-lima-2-dormitorios-ascensor-57821926,ONLINE,PROPERTY,90,90,2,2,0,5,1,2380,6,S/
58239851,Departamento + Cochera en Magdalena,Departamento · 47m² · 1 Dormitorio · 1 Estacionamiento,"Lindo departamento en Magdalena del mar de 47 m2 con vista a la calle, ubicado en el piso 9 y a 10 minutos de San Isidro. A una cuadra de la bajada de Sucre, cerca de supermercados, universidades, bancos, parques y centros comerciales. <br>Cuenta con una amplia habitación con 2 closets, un baño, cocina con reposteros altos y bajos, mesón de granito. La cocina cuenta con 4 hornillas a gas natural y un horno eléctrico. Área de lavandería con terma. Incluye un estacionamiento en el sótano 1 con puerta eléctrica. El edificio tiene 2 ascensores y vigilancia las 24 horas. <br>El edificio cuenta con áreas comunes con vistas al mar, amplia sala de reuniones, zona de parrillas, gimnasio y área de niños. <br>No se aceptan mascotas, el mantenimiento es 220 soles aproximadamente. <br>El alquiler no incluye el departamento amoblado. <br>El alquiler es 1x1",Publicado hace 4 días,https://urbania.pe/inmueble/alquiler-de-departamento-en-magdalena-del-mar-magdalena-1-dormitorio-ascensor-58239851,ONLINE,PROPERTY,47,47,1,1,0,2,1,1950,6,S/
12201102,"Clemente X, Dpto. 3 Dormits,130 m&sup2;. Amoblado Llame Al",Departamento · 130m² · 3 Dormitorios · 1 Estacionamiento,"Excelente departamento de 03, dormitorios completamente amoblado mide 130 m2. con 3.5 baños, sala, comedor, balcón terraza, sala de estar, cocina con granito gris, lavandería equipada, cuarto con baño de servicio, 01, cochera, el edificio cuenta con piscina, gimnasio, terraza, zona de parrilla, el precio de alquiler US$ 1,150.00 llamar al <span class='descripcionDatosAnunciante'><button class='btn btn-link js-verDatos' href='#'>Ver datos</button></span>. <br>por Vivanda",Publicado hoy,https://urbania.pe/inmueble/alquiler-de-departamento-en-orrantia-del-mar-magdalena-3-dormitorios-ascensor-12201102,ONLINE,PROPERTY,130,130,3,3,1,4,1,3852,6,S/
58086432,Se Alquila Bonito Departamento en Magdalena,Departamento · 75m² · 3 Dormitorios · 1 Estacionamiento,"SE ALQUILA DEPARTAMENTO EN ZONA TRANQUILA Y ESTRATÉGICA DE MAGDALENA DEL MAR. <br><br>GRAN OPORTUNIDAD DE ALQUILER, DEPARTAMENTO EN 6TO PISO DE 75.60 m2 EN LA CALLE LEONCIO PRADO, IDEAL PARA PAREJAS JÓVENES, CON UNA GRAN VENTAJA EN CUANTO A VÍAS DE ACCESO QUE FACILITAN EL TRASLADO A SAN ISIDRO, MIRAFLORES, CIRCUITO DE PLAYAS, ETC; Y DE LUGARES COMO MERCADOS, COMERCIO, BANCOS, TRANSPORTE PÚBLICO, A POCOS PASOS DEL MALECÓN DE MAGDALENA DONDE SE PUEDEN HACER INFINIDAD DE ACTIVIDADES DEPORTIVAS Y RECREACIONALES. <br>TIENE ÁREAS COMUNES: UN PEQUEÑO HALL DONDE PUEDE CONVERSAR CON ALGUNA VISITA O BIEN HACER SUS LECTURAS Y UN ÁREA DE PARRILLA. <br>EDIFICACIÓN DE 10 PISOS, SE ALQUILA EL 6TO PISO. <br><br>- SALA /COMEDOR AMPLIO Y ACOGEDOR. <br>- 2 BAÑO. <br>- COCINA CON REPOSTEROS ALTOS Y BAJOS. <br>- ÁREA DE LAVANDERÍA. <br>- El DORMITORIO PRINCIPAL CON SU BAÑO. <br>- OTRO 2 DORMITORIOS C/U CON SU CLOSET. <br>- CUENTA CON ASCENSOR PARA DISCAPACITADOS. <br>- COCHERA. <br><br>NOTA: EL ALQUILER ES AMOBLADO <br>EL EDIFICIO TIENE MÁS DE 4 AÑOS DE ANTIGÜEDAD. <br>VIGILANCIA LAS 24 HORAS. <br>MANTENIMIENTO ES DE S/. 250 <br><br>2X1 DOS DE GARANTÍA Y UNO DE ADELANTO. <br>NOTA: NO MASCOTAS, NI NIÑOS MENORES DE 8 AÑOS. <br><br>COMUNÍCATE Y AGENDAMOS UNA VISITA. <br><br>CONTACTO: MARIANGELA MORA // CEL: <span class='descripcionDatosAnunciante'><button class='btn btn-link js-verDatos' href='#'>Ver datos</button></span> <br>ID <span class='descripcionDatosAnunciante'><button class='btn btn-link js-verDatos' href='#'>Ver datos</button></span>",Publicado hace 23 días,https://urbania.pe/inmueble/alquiler-de-departamento-en-magdalena-lima-3-dormitorios-ascensor-58086432,ONLINE,PROPERTY,75,75,3,2,0,4,1,2500,6,S/
13399820,Alquiler de Minidepartamento en Magdalena del Mar,Departamento · 70m² · 1 Dormitorio · 2 Estacionamientos,"Se alquila lindo Dpto. Flat de 01 dormitorio, totalmente amoblado y equipado. <br>Ubicación : Cdra. 1 del Jirón Hermilio Valdizan, altura del D'gallia y el Puericultorio Pérez Aranibar, Magdalena del Mar. <br><br>Área total : 70 mt2 <br><br>Consta de Sala Comedor con salida a una amplia terraza con privilegiada vista al mar. Cocina estilo americana, lavandería, 01 baño completo, 01 dormitorio con salida a la terraza con vista al mar, también cuenta con amplio Walk in Closet y 02 cochera paralelas en sótano. <br><br>El dpto está finamente decorado y cuenta con acabados de primera. <br>El edificio tiene lindas áreas comunes como Terraza, piscina, Gym, sala de reuniones y más. <br><br>Costo de Mantenimiento : S/. 250.00 <br>Precio de Alquiler : 800 dolares. Condiciones 1 x 1 <br>Contacto: Rachel Montoya <span class='descripcionDatosAnunciante'><button class='btn btn-link js-verDatos' href='#'>Ver datos</button></span> <br>D´GALLIA",Publicado desde ayer,https://urbania.pe/inmueble/alquiler-de-departamento-en-magdalena-lima-1-dormitorio-ascensor-13399820,ONLINE,PROPERTY,70,70,1,1,0,2,2,2700,6,S/
58207417,ID Departamento en Alquiler con Vista Panorámica Al Mar,Departamento · 40m² · 1 Dormitorio,"DEPARTAMENTO EN ALQUILER CON VISTA PANORÁMICA AL MAR DESDE EL DORMITORIO Y SALA Y DESDE LAS ÁREAS COMUNES <br><br>Disfruta la experiencia de vivir en departamento semi amoblado con vista al mar desde tu dormitorio y también en la sala, ambos con balcón. <br>El departamento incluye muebles altos, bajos en la cocina así como horno, cocina encimera y campana extractora, el tablero y pared de la cocina son de granito. El tablero del baño es de cuarzo y baño con mampara de cristal. <br>Todos los pisos son de elegante porcelanato color gris. <br>El edificio es totalmente nuevo, tiene áreas comunes de ensueño, piscina con vista panorámica al mar, así como zona de parrillas y GYM en la terraza. <br>El precio incluye 1 cochera. <br>La ubicación es inmejorable si buscas acceso rápido al circuito de playas, Miraflores, Barranco, San Isidro, Jesús María y San Miguel. <br>Disfruta de total independencia y confort! <br>Visitas previa cita. <br>Requisito: No figurar en centrales de riesgo (Infocorp, Sentinel). <br><br>Enrique Alemán 9 97 / 3 3 19 3 5 <br>4 49 2 5 91",Publicado hace 9 días,https://urbania.pe/inmueble/alquiler-de-departamento-en-magdalena-lima-1-dormitorio-58207417,ONLINE,PROPERTY,40,40,1,1,0,1,,2277,6,S/
58176165,Departamento Amoblado,Departamento · 80m² · 2 Dormitorios,Alquilo céntrico departamento AMOBLADO en Jr. Amazonas a un paso de todo. <br>Consta de: <br>2 dormitorios <br>1 estudio <br>2 baños <br>Sala <br>Comedor <br>Cocina equipada <br>Gas natural <br>Condiciones de alquiler 2x1 <br>Interesados comunicarse con la Sra. FLOR Cueva <span class='descripcionDatosAnunciante'><button class='btn btn-link js-verDatos' href='#'>Ver datos</button></span>,Publicado hace 2 días,https://urbania.pe/inmueble/alquiler-de-departamento-en-magdalena-lima-2-dormitorios-58176165,ONLINE,PROPERTY,80,80,2,2,0,5,,2000,6,S/
13136808,Se Alquila Lindo Depa Ideal Ejecutivos - Amoblado - Cerca a San Isidro,Departamento · 107m² · 2 Dormitorios · 1 Estacionamiento,"Se alquila hermoso departamento Totalmente amoblado, Cerca a Universidades como Católica, Pacifico, con fácil acceso a la avenida Javier Prado, a unos minutos de San Isidro, y centros comerciales como Real Plaza Salaverry. El departamento esta ubicado en el Piso 15, consta de sala comedor amplia, equipada con juego de sillones, TV, comedor, luminarias, Estores eléctricos, amplio Balcón con excelente vista, Cocina equipada con refrigeradora, vajilla completa, cafetera, hervidor, etc, Sala de Estar con juego de Sillones y TV, Dos dormitorios, el principal con baño incorporado, y cama queen, el otro dormitorio tiene dos camas de 1.5 plazas, Lavanderia con Secadora y Lavadora. Una cochera, precio negociable, se pide 2 x 1, el Departamento esta listo solo para llevar maletas, Interesados contactar con Sandra Lucar al <span class='descripcionDatosAnunciante'><button class='btn btn-link js-verDatos' href='#'>Ver datos</button></span>56.",Publicado hace 5 días,https://urbania.pe/inmueble/alquiler-de-departamento-en-magdalena-lima-2-dormitorios-ascensor-13136808,ONLINE,PROPERTY,107,107,2,2,0,4,1,3652,6,S/
58203147,Alquiler de Departamento en Magdalena.,Departamento · 110m² · 3 Dormitorios · 1 Estacionamiento,"Se alquila hermoso departamento amoblado en Magdalena limite San Isidro (Feliz Dibos) <br>Tiene 110 m2 Con cochera 15 m2 <br>Sala y comedor <br>3 dormitorios principal con baño <br>Cuarto y baño de servicio <br>Cocina kitchenet <br>Lavanderia <br>Baño de visita y otro baño para compartir los cuartos secundarios. <br>Cochera. <br>Departamento amoblado <br>Precio $1,000 mensuales. <br>CONTACTARSE CON CECILIA CARDENAS - <span class='descripcionDatosAnunciante'><button class='btn btn-link js-verDatos' href='#'>Ver datos</button></span>",Publicado hace 10 días,https://urbania.pe/inmueble/alquiler-de-departamento-en-magdalena-lima-3-dormitorios-58203147,ONLINE,PROPERTY,110,110,3,3,0,3,1,3500,6,S/
58151601,Alquiler Departamento 116 m&sup2; Semi Amoblado Edificio Miramar I - Magdalena,Departamento · 116m² · 1 Estacionamiento,"Contamos con esplendido DEPARTAMENTO EN EDIFICIO RESIDENCIAL MIRAMAR I <br>AREA 116.00 M2 <br>NO SE ACEPTAN MASCOTAS <br>Consta de 3 dormitorios 1cuarto de servicio 3 servicios higiénico , 1 dentro del dormitorio principal, 1 dentro del cuarto de servicio y uno de visita y para compartir los dos dormitorios, cocina y lavandería, conexión de gas. la cocina está amoblada tiene refrigerador, cocina y micro ondas, también tiene lavadora secadora <br>Incluye 1 estacionamiento y 1 depósito <br>* PRECIO DE ALQUILER DEL DEPARTAMENTO ASCIENDE A US$ 1,050.00 Inc. IR (5%) | Precio incluye 01 COCHERA DOBLE | Disponibilidad INMEDIATA <br>*Teléfonos de contacto: <span class='descripcionDatosAnunciante'><button class='btn btn-link js-verDatos' href='#'>Ver datos</button></span> ENTEL /<span class='descripcionDatosAnunciante'><button class='btn btn-link js-verDatos' href='#'>Ver datos</button></span> BITEL / <span class='descripcionDatosAnunciante'><button class='btn btn-link js-verDatos' href='#'>Ver datos</button></span> (RPC) CORREOS: <span class='descripcionDatosAnunciante'><button class='btn btn-link js-verDatos' href='#'>Ver datos</button></span> /@gmail.com / <span class='descripcionDatosAnunciante'><button class='btn btn-link js-verDatos' href='#'>Ver datos</button></span>",Publicado desde ayer,https://urbania.pe/inmueble/alquiler-de-departamento-en-magdalena-lima-ascensor-58151601,ONLINE,PROPERTY,116,116,0,3,0,4,1,3300,6,S/
58213884,Departamento Segundo Piso,Departamento · 110m² · 2 Dormitorios,"Ubicación dentro de condominio; comprende: Sala comedor, Dos dormitorios, un ambiente para escritorio, cocina y lavandería, un baño completo. Ubicado en zona estrategica,segura, cerca a Supermercados y Centros Comerciales, y facilidades de servicios de transporte para las diversas zonas de Lima Metropolitana. - 9.2.1.8.8.4.8.7.3 - 9.9.8.4.0.0.5.8.5",Publicado hace 8 días,https://urbania.pe/inmueble/alquiler-de-departamento-en-pershing-magdalena-2-dormitorios-58213884,ONLINE,PROPERTY,110,110,2,1,0,5,,1980,6,S/
58024549,Excelente Departamento Amoblado y Equipado,Departamento · 96m² · 3 Dormitorios · 1 Estacionamiento,"EXCELENTE DEPARTAMENTO TOTALMENTE AMOBLADO Y EQUIPADO CON VISTA AL MAR EN EDIFICIO CON AREAS COMUNES, BLUE SPACE. Amoblado y equipado, 3 años de antiguedad, vista al mar, impecable, piso 16, guardianía, flat. Sala, comedor, cocina, 3 dormitorios, 2.0 baños, 1 baño incorporado, 1 cuarto de servicio, 1 baño de servicio, lavandería, pisos de porcelanato en área social, pisos de porcelanato en área privada. Cochera tipo paralelas en sotano, 2 ascensores, ascensor. Areas comunes, no mascotas, area de bbq, gimnasio",Publicado hace 31 días,https://urbania.pe/inmueble/alquiler-de-departamento-en-magdalena-del-mar-magdalena-3-dormitorios-ascensor-58024549,ONLINE,PROPERTY,96,96,3,2,0,3,1,3300,6,S/
13334684,Alquiler Depa en Magdalena,Departamento · 90m² · 2 Dormitorios · 1 Estacionamiento,"2 dormitorios 2 baños, cuarto y baño de servicio, 1 cochera Sin muebles, 3 años de antiguedad, vista a la calle, impecable, piso 11, flat.  2 dormitorios, 2.0 baños, 1 baño incorporado, 1 cuarto de servicio.  Cochera tipo paralelas.  Permite mascotas, disponible desde el 01/07/2019.",Publicado hace 44 días,https://urbania.pe/inmueble/alquiler-de-departamento-en-magdalena-del-mar-magdalena-2-dormitorios-13334684,ONLINE,PROPERTY,90,90,2,2,,3,1,1000,2,USD
13496418,Alquiler de Departamento en Magdalena del Mar,Departamento · 100m² · 3 Dormitorios · 1 Estacionamiento,"Departamento moderno a unos pasos de upc salaverry y real plaza salaverry  ubicación estratégica  de pisos de madera con dd con vista a la calle, muy iluminado, sala comedor enorme, baño completo para visitas, cocina iluminada baño principal incorporado con tina cuarto y baño de servicio. el edificio cuenta con dos ascensores.,tiene estacionamiento Alquiler en soles 3,000 2x1  8 pisos, sin muebles, 3 años de antiguedad, vista a la calle, nuevo, piso 5, 4 departamentos por piso,  guardianía, flat.  Sala, living-comedor, cocina, 3 dormitorios, 2.0 baños, 1 baño incorporado, 1 cuarto de servicio, 1 baño de servicio, lavandería, pisos de madera en área social, pisos de madera en área privada.  Cochera tipo techada, 2 ascensores, ascensor.  Areas comunes, permite mascotas, disponible desde el 15/12/2019.<br>alt centro comercial salaverry y UPC",Publicado hace 56 días,https://urbania.pe/inmueble/alquiler-de-departamento-en-magdalena-lima-3-dormitorios-ascensor-13496418,ONLINE,PROPERTY,100,100,3,2,,3,1,2988,6,S/
58201398,"Amoblado, 2 Dorm. c/u Baño, Moderno, Cocina Abierta Us$1,100",Departamento · 97m² · 2 Dormitorios · 1 Estacionamiento,"Lindo departamento, cerca a la Pera del Amor cruce de Av. Salaverry con Av. Ejercito.<br>Consta de 2 dormitorios c/u con baño incorporado, baño de visita, sala comedor con cocina tipo americana, lavandería.<br>Cochera simple. 5 pisos, amoblado y equipado, 3 años de antiguedad, vista interior, moderno, piso 4, 6 departamentos por piso, 28 departamentos en total,  guardianía, flat.  Living-comedor, cocina, 2 dormitorios, 3.0 baños, 2 baños incorporados, lavandería, pisos de parquetón en área social, pisos de parquetón en área privada.  Cochera tipo techada, 1 ascensor, ascensor.  Permite mascotas, disponible desde el 04/03/2020.",Publicado hace 10 días,https://urbania.pe/inmueble/alquiler-de-departamento-en-magdalena-del-mar-magdalena-2-dormitorios-ascensor-58201398,ONLINE,PROPERTY,97,97,2,3,,3,1,1100,2,USD
